evidence_id,evidence_type,building_id,link_method,reason,filename,source_collection,caption,original_image_url
iitk_rc_001,image,bldg_bb872a116f28,caption_group,Image belongs to a same-caption group inside one source collection.,iitk_rc_001_Skj0_23.jpg,IITK_NICEE_Bhuj_RC,Total collapse of a portion of a 10-storey residential building in Ahmedabad.,https://www.iitk.ac.in/nicee/EQ_Reports/Bhuj/Skj0_23.jpg
iitk_rc_002,image,bldg_bb872a116f28,caption_group,Image belongs to a same-caption group inside one source collection.,iitk_rc_002_Skj0_26.jpg,IITK_NICEE_Bhuj_RC,Total collapse of a portion of a 10-storey residential building in Ahmedabad.,https://www.iitk.ac.in/nicee/EQ_Reports/Bhuj/Skj0_26.jpg
iitk_rc_003,image,bldg_b8f8e8343844,caption_group,Image belongs to a same-caption group inside one source collection.,iitk_rc_003_D02_10.jpg,IITK_NICEE_Bhuj_RC,Pancake collapse of 4-storey L-shaped RC framed school building in Ahmedabad.,https://www.iitk.ac.in/nicee/EQ_Reports/Bhuj/D02_10.jpg
iitk_rc_004,image,bldg_a961c393a6a9,caption_group,Image belongs to a same-caption group inside one source collection.,iitk_rc_004_D23_06.jpg,IITK_NICEE_Bhuj_RC,Collapse of open ground storey RC frame residential building in Bhuj.,https://www.iitk.ac.in/nicee/EQ_Reports/Bhuj/D23_06.jpg
iitk_rc_005,image,bldg_358571967395,caption_group,Image belongs to a same-caption group inside one source collection.,iitk_rc_005_D23_05.jpg,IITK_NICEE_Bhuj_RC,Numerous cases of dislodging of the weakly connected overhead storage water tanks were observed in the entire earthquake affected area. Picture shows dislodging of water tank appendages from atop unfinished and finished RC frame buildings in Bhuj.,https://www.iitk.ac.in/nicee/EQ_Reports/Bhuj/D23_05.jpg
iitk_rc_006,image,bldg_ddd9ee87dfa9,caption_group,Image belongs to a same-caption group inside one source collection.,iitk_rc_006_D25_04r.jpg,IITK_NICEE_Bhuj_RC,Collapse of intermediate storey in a 6-storey RC frame commercial building at Bhuj.,https://www.iitk.ac.in/nicee/EQ_Reports/Bhuj/D25_04r.jpg
iitk_rc_007,image,bldg_4af6459c95a8,caption_group,Image belongs to a same-caption group inside one source collection.,iitk_rc_007_D27_01.jpg,IITK_NICEE_Bhuj_RC,Ground storey collapse of a 4-storey building with open ground storey at Bhuj.,https://www.iitk.ac.in/nicee/EQ_Reports/Bhuj/D27_01.jpg
iitk_rc_008,image,bldg_a34168536ec8,caption_group,Image belongs to a same-caption group inside one source collection.,iitk_rc_008_skj5_02.jpg,IITK_NICEE_Bhuj_RC,Most RC buildings with open ground storeys that collapsed showed a very common practice of poor detailing; 6mm diameter lateral ties in the columns with 90o hooks and longitudinal spacing as large as 30cm. This did not provide the required confinement to the core concrete.,https://www.iitk.ac.in/nicee/EQ_Reports/Bhuj/Skj5_02.jpg
iitk_rc_009,image,bldg_5091682fe67f,caption_group,Image belongs to a same-caption group inside one source collection.,iitk_rc_009_D43_06.jpg,IITK_NICEE_Bhuj_RC,Collapse of a portion of 6-storey residential building at Anjaar; the portion that collapsed had an open ground storey.,https://www.iitk.ac.in/nicee/EQ_Reports/Bhuj/D43_06.jpg
iitk_rc_010,image,bldg_ef54dbdde947,caption_group,Image belongs to a same-caption group inside one source collection.,iitk_rc_010_D04_06r.jpg,IITK_NICEE_Bhuj_RC,"Collapse of one-half of the 14-storey RC frame residential apartment building in Ahmedabad; the collapsed portion had a swimming pool on the roof, unlike the other half that is standing.",https://www.iitk.ac.in/nicee/EQ_Reports/Bhuj/D04_06r.jpg
iitk_rc_011,image,bldg_7b1f93e6f96e,caption_group,Image belongs to a same-caption group inside one source collection.,iitk_rc_011_Skj4_21.jpg,IITK_NICEE_Bhuj_RC,"At Gandhidham, the right building had ground storey collapse. The two buildings shared a common wall.",https://www.iitk.ac.in/nicee/EQ_Reports/Bhuj/Skj4_21.jpg
iitk_rc_012,image,bldg_7b1f93e6f96e,caption_group,Image belongs to a same-caption group inside one source collection.,iitk_rc_012_Skj4_18.jpg,IITK_NICEE_Bhuj_RC,"At Gandhidham, the right building had ground storey collapse. The two buildings shared a common wall.",https://www.iitk.ac.in/nicee/EQ_Reports/Bhuj/Skj4_18.jpg
iitk_rc_013,image,bldg_b5ff25ec78f3,caption_group,Image belongs to a same-caption group inside one source collection.,iitk_rc_013_Skj4_32.jpg,IITK_NICEE_Bhuj_RC,Collapse of upper storey of buildings at Gandhidham. It is suspected that this may have been caused by inadequate lap lengths in the column reinforcement.,https://www.iitk.ac.in/nicee/EQ_Reports/Bhuj/Skj4_32.jpg
iitk_rc_014,image,bldg_b5ff25ec78f3,caption_group,Image belongs to a same-caption group inside one source collection.,iitk_rc_014_Skj3_07.jpg,IITK_NICEE_Bhuj_RC,Collapse of upper storey of buildings at Gandhidham. It is suspected that this may have been caused by inadequate lap lengths in the column reinforcement.,https://www.iitk.ac.in/nicee/EQ_Reports/Bhuj/Skj3_07.jpg
iitk_rc_015,image,bldg_3634afd214fc,caption_group,Image belongs to a same-caption group inside one source collection.,iitk_rc_015_Skc2_31.jpg,IITK_NICEE_Bhuj_RC,Collapse of ground storey of a two-storey RC frame building in Manfara village.,https://www.iitk.ac.in/nicee/EQ_Reports/Bhuj/Skc2_31.jpg
iitk_rc_016,image,bldg_e29504e795c7,caption_group,Image belongs to a same-caption group inside one source collection.,iitk_rc_016_Skc2_02.jpg,IITK_NICEE_Bhuj_RC,Collapse of the RC frame shelter at a bus stop near Pundi village.,https://www.iitk.ac.in/nicee/EQ_Reports/Bhuj/Skc2_02.jpg
iitk_rc_017,image,bldg_bdaf48a042fe,caption_group,Image belongs to a same-caption group inside one source collection.,iitk_rc_017_D07_10.jpg,IITK_NICEE_Bhuj_RC,One of the numerous RC frame multistory buildings at Ahmedabad that withstood the earthquake shaking with only minor cracking in the masonry infill walls.,https://www.iitk.ac.in/nicee/EQ_Reports/Bhuj/D07_10.jpg
iitk_rc_018,image,bldg_462ce28f68e2,caption_group,Image belongs to a same-caption group inside one source collection.,iitk_rc_018_Skj1_21.jpg,IITK_NICEE_Bhuj_RC,The practice of floating columns in the upper storeys is very common in the cities in India. Close-up view shows shear cracks in the cantilever stub beam supporting a floating column in a 4-storey RC frame residential building in Ahmedabad.,https://www.iitk.ac.in/nicee/EQ_Reports/Bhuj/Skj1_21.jpg
iitk_rc_019,image,bldg_462ce28f68e2,caption_group,Image belongs to a same-caption group inside one source collection.,iitk_rc_019_D06_03.jpg,IITK_NICEE_Bhuj_RC,The practice of floating columns in the upper storeys is very common in the cities in India. Close-up view shows shear cracks in the cantilever stub beam supporting a floating column in a 4-storey RC frame residential building in Ahmedabad.,https://www.iitk.ac.in/nicee/EQ_Reports/Bhuj/D06_03.jpg
iitk_rc_020,image,bldg_01b8fb23c306,caption_group,Image belongs to a same-caption group inside one source collection.,iitk_rc_020_Skj4_25.jpg,IITK_NICEE_Bhuj_RC,These columns left for future extension show inadequate spacing of stirrups.,https://www.iitk.ac.in/nicee/EQ_Reports/Bhuj/Skj4_25.jpg
iitk_rc_021,image,bldg_159082d68845,caption_group,Image belongs to a same-caption group inside one source collection.,iitk_rc_021_Skj8_09.jpg,IITK_NICEE_Bhuj_RC,The area also offered examples of good RC detailing; residential building of Telecom department under construction at Bhuj.,https://www.iitk.ac.in/nicee/EQ_Reports/Bhuj/Skj8_09.jpg
iitk_rc_022,image,bldg_159082d68845,caption_group,Image belongs to a same-caption group inside one source collection.,iitk_rc_022_Skj8_08.jpg,IITK_NICEE_Bhuj_RC,The area also offered examples of good RC detailing; residential building of Telecom department under construction at Bhuj.,https://www.iitk.ac.in/nicee/EQ_Reports/Bhuj/Skj8_08.jpg
iitk_rc_023,image,bldg_7c3d242f6920,caption_group,Image belongs to a same-caption group inside one source collection.,iitk_rc_023_skj1_14.jpg,IITK_NICEE_Bhuj_RC,Severe shear cracking sustained by the RC elevator core wall in a four-storey RC frame building in Ahmedabad.,https://www.iitk.ac.in/nicee/EQ_Reports/Bhuj/skj1_14.jpg
iitk_rc_024,image,bldg_7be56d9b2f12,caption_group,Image belongs to a same-caption group inside one source collection.,iitk_rc_024_D40_07.jpg,IITK_NICEE_Bhuj_RC,Insufficient connection between the RC elevator core and rest of the building lead to the underutilization of the lateral strength and stiffness of the elevator core.,https://www.iitk.ac.in/nicee/EQ_Reports/Bhuj/D40_07.jpg
iitk_rc_025,image,bldg_9b7a1a284d85,caption_group,Image belongs to a same-caption group inside one source collection.,iitk_rc_025_Skj4_34.jpg,IITK_NICEE_Bhuj_RC,"A school in Gandhidham had both traditional construction as well as RC precast buildings. In the precast building, the roof panels were dislodged atop the precast frame/wall system due to inadequate connections. In contrast, the traditional constructions alongside did better.",https://www.iitk.ac.in/nicee/EQ_Reports/Bhuj/Skj4_34.jpg
iitk_rc_026,image,bldg_9b7a1a284d85,caption_group,Image belongs to a same-caption group inside one source collection.,iitk_rc_026_Skj4_10.jpg,IITK_NICEE_Bhuj_RC,"A school in Gandhidham had both traditional construction as well as RC precast buildings. In the precast building, the roof panels were dislodged atop the precast frame/wall system due to inadequate connections. In contrast, the traditional constructions alongside did better.",https://www.iitk.ac.in/nicee/EQ_Reports/Bhuj/Skj4_10.jpg
iitk_rc_027,image,bldg_9b7a1a284d85,caption_group,Image belongs to a same-caption group inside one source collection.,iitk_rc_027_Skj4_08.jpg,IITK_NICEE_Bhuj_RC,"A school in Gandhidham had both traditional construction as well as RC precast buildings. In the precast building, the roof panels were dislodged atop the precast frame/wall system due to inadequate connections. In contrast, the traditional constructions alongside did better.",https://www.iitk.ac.in/nicee/EQ_Reports/Bhuj/Skj4_08.jpg
iitk_rc_028,image,bldg_1a8f4e2c0f4e,caption_group,Image belongs to a same-caption group inside one source collection.,iitk_rc_028_D37_03.jpg,IITK_NICEE_Bhuj_RC,Partial collapse of the roof due to failure of ties between prestressed concrete trusses of the warehouse at Kandla port. Close-up view shows the failure of the connection welding between the tie and the truss.,https://www.iitk.ac.in/nicee/EQ_Reports/Bhuj/D37_03.jpg
iitk_rc_029,image,bldg_1a8f4e2c0f4e,caption_group,Image belongs to a same-caption group inside one source collection.,iitk_rc_029_D37_08.jpg,IITK_NICEE_Bhuj_RC,Partial collapse of the roof due to failure of ties between prestressed concrete trusses of the warehouse at Kandla port. Close-up view shows the failure of the connection welding between the tie and the truss.,https://www.iitk.ac.in/nicee/EQ_Reports/Bhuj/D37_08.jpg
iitk_rc_030,image,bldg_774c32b678b8,caption_group,Image belongs to a same-caption group inside one source collection.,iitk_rc_030_Skj0_34.jpg,IITK_NICEE_Bhuj_RC,"Buildings with open ground storeys in the affected area were ""propped"" by structural steel sections and wooded posts as an immediate measure by the residents.",https://www.iitk.ac.in/nicee/EQ_Reports/Bhuj/Skj0_34.jpg
iitk_rc_031,image,bldg_af357b0d15ba,caption_group,Image belongs to a same-caption group inside one source collection.,iitk_rc_031_Skj0_31.jpg,IITK_NICEE_Bhuj_RC,"Improper jacketing of columns that was practiced immediately after the earthquake in numerous buildings at Ahmedabad. The new frame to be encased in concrete rested on the finished ground floor and not carried to the foundation. Similarly, it did not connect well with the beams above. Even the plaster of beams and columns was not removed.",https://www.iitk.ac.in/nicee/EQ_Reports/Bhuj/Skj0_31.jpg
iitk_rc_032,image,bldg_af357b0d15ba,caption_group,Image belongs to a same-caption group inside one source collection.,iitk_rc_032_Skj1_22.jpg,IITK_NICEE_Bhuj_RC,"Improper jacketing of columns that was practiced immediately after the earthquake in numerous buildings at Ahmedabad. The new frame to be encased in concrete rested on the finished ground floor and not carried to the foundation. Similarly, it did not connect well with the beams above. Even the plaster of beams and columns was not removed.",https://www.iitk.ac.in/nicee/EQ_Reports/Bhuj/Skj1_22.jpg
iitk_rc_033,image,bldg_e8bbd016b6f9,caption_group,Image belongs to a same-caption group inside one source collection.,iitk_rc_033_Skj1_19.jpg,IITK_NICEE_Bhuj_RC,"In some instances, a structural steel member was placed adjoining the RC damaged column. The old columns together with the adjoining steel member were jacketed with concrete. In this instance, the steel column was taken below the floor level but not extended till the foundation.",https://www.iitk.ac.in/nicee/EQ_Reports/Bhuj/Skj1_19.jpg
bhuj_2001_001,image,bldg_c4f5ec455952,caption_group,Image belongs to a same-caption group inside one source collection.,001_3758448652.jpg,GEER_Bhuj_2001,Map detailing damage and casualties from India's devastating earthquake with table listing international aid pledged so far.,https://geerassociation.org/components/com_geer_reports/geerfiles/Bhuj_2001/3758448652.jpg
bhuj_2001_002,image,bldg_331782500b03,caption_group,Image belongs to a same-caption group inside one source collection.,002_imdf03804.jpg,GEER_Bhuj_2001,"AHMEDABAD: Indians look at an earthquake-damaged building in Ahmedabad on January 27, 2001. News reports said on Saturday the death toll from the powerful quake which devastated western India on Friday has risen to 15,000. REUTERS/Kamal Kishore",https://geerassociation.org/components/com_geer_reports/geerfiles/Bhuj_2001/imdf03804.jpg
bhuj_2001_003,image,bldg_80ef25b648de,caption_group,Image belongs to a same-caption group inside one source collection.,003_capt8.jpg,GEER_Bhuj_2001,"AHMEDABAD: Residents of Ahmedabad, India observe an elevator shaft of an eight storey building that collaped following an earthquake, Saturday Jan. 27, 2001, in India. The death toll from Friday's powerful quake that flattened cities in western India will rise to about 13,000, a regional official said Saturday as rescuers searched frantically for signs of life under mountains of concrete rubble.(AP Photo/Paras Shah)",https://geerassociation.org/components/com_geer_reports/geerfiles/Bhuj_2001/capt8.jpg
bhuj_2001_004,image,bldg_fb3e2e9ba4f8,caption_group,Image belongs to a same-caption group inside one source collection.,004_imdf03440.jpg,GEER_Bhuj_2001,"AHMEDABAD: Workers perched on a collapsed building dig through the rubble in Ahmedabad January 27, 2001, after a powerful earthquake killed tens of thousands in western India. As many as 15,000 people may have died in the massive quake which struck the region on Friday, the Indian Defence Minister was quoted as saying. REUTERS/Savita Kirloskar",https://geerassociation.org/components/com_geer_reports/geerfiles/Bhuj_2001/imdf03440.jpg
bhuj_2001_005,image,bldg_4890556415c1,caption_group,Image belongs to a same-caption group inside one source collection.,005_imdf03292.jpg,GEER_Bhuj_2001,"AHMEDABAD: Policemen walk past the remains of a department store in Ahmedabad January 27, 2001, after a powerful earthquake wreaked havoc in western India. Nearly 10,000 people are feared dead after the powerful quake ripped through the region on Friday. REUTERS/Savita Kirloskar",https://geerassociation.org/components/com_geer_reports/geerfiles/Bhuj_2001/imdf03292.jpg
bhuj_2001_006,image,bldg_2694fda225e1,caption_group,Image belongs to a same-caption group inside one source collection.,006_capt9.jpg,GEER_Bhuj_2001,"AHMEDABAD: Residents of Ahmedabad, India, survey earthquake damage Saturday, Jan. 27, 2001. Officials predicted as many as 6,000 may have been killed in the 7.9 magnitude earthquake in western India on Friday.(AP Photo/Saurabh Das)",https://geerassociation.org/components/com_geer_reports/geerfiles/Bhuj_2001/capt9.jpg
bhuj_2001_007,image,bldg_1f907a339165,caption_group,Image belongs to a same-caption group inside one source collection.,007_mdf10169.jpg,GEER_Bhuj_2001,"AHMEDABAD: Passersby gather around a collapsed building in Ahmedabad after a powerful earthquake killed hundreds in western India, January 26, 2001. The death toll in the quake that measured 7.9 on the Richter scale is expected to rise as rescue workers still try to extract people buried beneath the debris of collapsed buildings. ( Paras Shah/Reuters)",https://geerassociation.org/components/com_geer_reports/geerfiles/Bhuj_2001/mdf10169.jpg
bhuj_2001_008,image,bldg_4088886dad73,caption_group,Image belongs to a same-caption group inside one source collection.,008_mdf10294.jpg,GEER_Bhuj_2001,"AHMEDABAD: A building is reduced to rubble in Ahmedabad after a powerful earthquake killed over 1500 people in western India, January 26, 2001. The death toll in the quake is expected to rise as rescue workers still try to extract people buried under the debris of collapsed buildings. (Reuters)",https://geerassociation.org/components/com_geer_reports/geerfiles/Bhuj_2001/mdf10294.jpg
bhuj_2001_009,image,bldg_3a3333577e6b,caption_group,Image belongs to a same-caption group inside one source collection.,009_toi10.jpg,GEER_Bhuj_2001,AHMEDABAD: Rescue workers rummage through the debris of a four-storey building that collapsed in Ahmedabad. (AFP),https://geerassociation.org/components/com_geer_reports/geerfiles/Bhuj_2001/toi10.jpg
bhuj_2001_010,image,bldg_32daec08131d,caption_group,Image belongs to a same-caption group inside one source collection.,010_toi31.jpg,GEER_Bhuj_2001,"AHMEDABAD: A collapsed ten-story building (front), part of the Mansi apartment complex, is seen in the Vastrapur area of Ahmedabad. (AP)",https://geerassociation.org/components/com_geer_reports/geerfiles/Bhuj_2001/toi31.jpg
bhuj_2001_011,image,bldg_bf1cef9160b2,caption_group,Image belongs to a same-caption group inside one source collection.,011_india29.jpg,GEER_Bhuj_2001,"AHMEDABAD: A rescue worker takes a risk while sitting in front of a collapsed building, to disengage a gas cylinder, in Ahmedabad on Monday, January 29, 2001. Nearly 20,000 people have been killed in Friday's 7.9 magnitude earthquake that rocked western India. (AP photo/Sherwin Crasto)",https://geerassociation.org/components/com_geer_reports/geerfiles/Bhuj_2001/india29.jpg
bhuj_2001_012,image,bldg_06fad7629236,caption_group,Image belongs to a same-caption group inside one source collection.,012_india40.jpg,GEER_Bhuj_2001,"AHMEDABAD: Apartment buildings lean, as they are on the verge of collapse in Ahmedabad on Sunday, January 28, 2001, following a 7.9 magnitude earthquake in the area on Friday, killing thousands of people. (AP photo/Siddharth Darshan Kumar)",https://geerassociation.org/components/com_geer_reports/geerfiles/Bhuj_2001/india40.jpg
bhuj_2001_013,image,bldg_f3e92dd64d4e,caption_group,Image belongs to a same-caption group inside one source collection.,013_india74.jpg,GEER_Bhuj_2001,"AHMEDABAD: Cars are covered with rubble after an earthquake rocked the Indian subcontinent on Friday, January 26, 2001, in Ahmedabad. Hundreds of people were killed in the 7.9 magnitude earthquake in western India, with the epicentre of the quake lying in the Rann of Kutch. (AP photo/PTI)",https://geerassociation.org/components/com_geer_reports/geerfiles/Bhuj_2001/india74.jpg
bhuj_2001_014,image,bldg_8956a688c2ec,caption_group,Image belongs to a same-caption group inside one source collection.,014_capt12.jpg,GEER_Bhuj_2001,"AHMEDABAD: A Muslim man passes by Jhulta Minara or Shaking Minarets, in Ahmedabad, Friday Feb. 2, 2001. The 600 year old monument was among the dozens of ancient monuments which partially collapsed or were damaged during the quake. Thousands of people are believed to have been killed in last Friday's 7.9 magnitude earthquake that rocked the western region of India. (AP Photo/str)",https://geerassociation.org/components/com_geer_reports/geerfiles/Bhuj_2001/capt12.jpg
bhuj_2001_015,image,bldg_ec3b8aaf4147,caption_group,Image belongs to a same-caption group inside one source collection.,015_capt13.jpg,GEER_Bhuj_2001,"ANJAR: Homeless camps sit amidst earthquake rubble in the town of Anjar, Western India, Friday Feb. 2, 2001. More than 14,200 people have been confirmed killed and an estimated 600,000 left homeless by the Jan. 26 earthquake in the western state of Gujarat. (AP Photo/Amit Bhargava)",https://geerassociation.org/components/com_geer_reports/geerfiles/Bhuj_2001/capt13.jpg
bhuj_2001_016,image,bldg_42a032fdf39f,caption_group,Image belongs to a same-caption group inside one source collection.,016_capt5.jpg,GEER_Bhuj_2001,"ANJAR: French rescue squad member Gilles and his dog Izvor search for survivors in the rubble, in Anjar, India Monday Jan. 29, 2001. A massive earthquake hit western India on Friday killing many thousands of people. (AP Photo/Saurabh Das)",https://geerassociation.org/components/com_geer_reports/geerfiles/Bhuj_2001/capt5.jpg
bhuj_2001_017,image,bldg_f8838598193a,caption_group,Image belongs to a same-caption group inside one source collection.,017_mdf11914.jpg,GEER_Bhuj_2001,"ANJAR: An aerial view of the devastated village of Anjar in the earthquake stricken Kutch region of Gujarat seen February 1, 2001. Nearly 25,000 people are believed to have been killed by the earthquake that ravaged western India on January 26. (Paras Shah/Reuters)",https://geerassociation.org/components/com_geer_reports/geerfiles/Bhuj_2001/mdf11914.jpg
bhuj_2001_018,image,bldg_fe8574d242e0,caption_group,Image belongs to a same-caption group inside one source collection.,018_capt2.jpg,GEER_Bhuj_2001,"BHACHAU: An aerial view of the earthquake devastated center of the town of Bachau, some 70 kilometers (44 miles) east of Bhuj, in western India, Tuesday Jan. 30, 2001. The 7.9-magnitude tremor that hit the area last Friday, killed many thousands of people and left thousands more homeless. (AP Photo/Enric Marti)",https://geerassociation.org/components/com_geer_reports/geerfiles/Bhuj_2001/capt2.jpg
bhuj_2001_019,image,bldg_e8da6261da69,caption_group,Image belongs to a same-caption group inside one source collection.,019_imdf06067.jpg,GEER_Bhuj_2001,"BHACHAU: Hasmukh Dachao, 26, cradles his 15-month-old daughter Bhranti as they survey the wreckage that was once the village of Bhachau January 30, 2001 following Friday's earthquake. India's defense minister, George Fernandes predicted that the death toll from Friday's killer quake could reach 100,000. REUTERS/Jason Reed",https://geerassociation.org/components/com_geer_reports/geerfiles/Bhuj_2001/imdf06067.jpg
bhuj_2001_020,image,bldg_8888839f66ba,caption_group,Image belongs to a same-caption group inside one source collection.,020_toi9.jpg,GEER_Bhuj_2001,BHACHAU: People of Bachau sit outside their homes on 27 January 2001 which were razed in Bhuj. (AFP),https://geerassociation.org/components/com_geer_reports/geerfiles/Bhuj_2001/toi9.jpg
bhuj_2001_021,image,bldg_f08f9352f058,caption_group,Image belongs to a same-caption group inside one source collection.,021_capt3.jpg,GEER_Bhuj_2001,"BHUJ: RETRANSMISSION OF XJM104 TO PROVIDE ALTERNATE CROP-- Rajesh Bhatt sits on the ruins of his home in Bhuj, India, Tuesday, Jan. 30, 2001. Thousands of people in India's western state of Gujarat were buried in Friday's 7.9 magnitude earthquake.(AP Photo/John Moore)",https://geerassociation.org/components/com_geer_reports/geerfiles/Bhuj_2001/capt3.jpg
bhuj_2001_022,image,bldg_c106fe2ed9c1,caption_group,Image belongs to a same-caption group inside one source collection.,022_capt7.jpg,GEER_Bhuj_2001,"BHUJ: Residents of Bhuj, India, scramble Sunday Jan. 28, 2001, over the rubble left from Friday's massive earthquake. As many as 13,000 people are believed to have been killed by Friday's 7.9 magnitude quake. The epicenter of the quake was near Bhuj, in western India. (AP Photo/Saurabh Das)",https://geerassociation.org/components/com_geer_reports/geerfiles/Bhuj_2001/capt7.jpg
bhuj_2001_023,image,bldg_e7d2398fc9ef,caption_group,Image belongs to a same-caption group inside one source collection.,023_30q16.jpg,GEER_Bhuj_2001,BHUJ: The General Hospital where staff and patients on Sunday were still being found under the debris.,https://geerassociation.org/components/com_geer_reports/geerfiles/Bhuj_2001/30q16.jpg
bhuj_2001_024,image,bldg_5a0c31c7079d,caption_group,Image belongs to a same-caption group inside one source collection.,024_29q1.jpg,GEER_Bhuj_2001,"BHUJ: A temple in Bhuj, affected by Friday's earthquake.",https://geerassociation.org/components/com_geer_reports/geerfiles/Bhuj_2001/29q1.jpg
bhuj_2001_025,image,bldg_263fce0fe410,caption_group,Image belongs to a same-caption group inside one source collection.,025_29q5.jpg,GEER_Bhuj_2001,"BHUJ: Readers may remember this location from the Hollywood hit, Hum Dil De Chuke Sanam. Now, this is all that remains of the palace.",https://geerassociation.org/components/com_geer_reports/geerfiles/Bhuj_2001/29q5.jpg
bhuj_2001_026,image,bldg_c052deb10525,caption_group,Image belongs to a same-caption group inside one source collection.,026_29q4.jpg,GEER_Bhuj_2001,BHUJ: A building poised precariously on the edge. Scenes tragically all too commonplace in Bhuj.,https://geerassociation.org/components/com_geer_reports/geerfiles/Bhuj_2001/29q4.jpg
bhuj_2001_027,image,bldg_c710525076ac,caption_group,Image belongs to a same-caption group inside one source collection.,027_capt15.jpg,GEER_Bhuj_2001,"DHORI: An Indian Army helicopter flies over a salt marsh at the epicentre of the recent earthquake that struck the area eight days ago near Dhori village, some 20 kilometers (12 miles) from Bhuj in the western Indian state of Gujarat, Saturday, Feb. 3, 2001. (AP Photo/Enric Marti)",https://geerassociation.org/components/com_geer_reports/geerfiles/Bhuj_2001/capt15.jpg
bhuj_2001_028,image,bldg_0317bfd9697d,caption_group,Image belongs to a same-caption group inside one source collection.,028_capt16.jpg,GEER_Bhuj_2001,"DHORI: Cracks on a salt marsh can be seen on this aerial view of the epicentre of the recent earthquake that hit last Friday, near Dhori village some 20 kilometers (12 miles) from Bhuj in the western Indian state of Gujarat, Saturday Feb. 3, 2001. (AP Photo/Enric Marti)",https://geerassociation.org/components/com_geer_reports/geerfiles/Bhuj_2001/capt16.jpg
bhuj_2001_029,image,bldg_a6c307232815,caption_group,Image belongs to a same-caption group inside one source collection.,029_capt17.jpg,GEER_Bhuj_2001,"DHORI: Cracks on a salt marsh can be seen on this aerial view of the epicentre of the recent earthquake near Dhori village some 20 km. (12 miles) from Bhuj in the western Indian state of Gujarat, Saturday Feb. 3, 2001. (AP Photo/Enric Marti)",https://geerassociation.org/components/com_geer_reports/geerfiles/Bhuj_2001/capt17.jpg
bhuj_2001_030,image,bldg_dc0a8321eb79,caption_group,Image belongs to a same-caption group inside one source collection.,030_mdf12184.jpg,GEER_Bhuj_2001,"DHORI: An aerial view of the epicenter of the recent earthquake shows huge cracks in the earth in a salt marsh near Dhori village in the western Indian state of Gujarat on February 2, 2001. The earthquake, which struck on January 26, killed an estimated 30,000 people. The length of the crack, from top to bottom, is about 200 yards. (Kamal Kishore/Reuters)",https://geerassociation.org/components/com_geer_reports/geerfiles/Bhuj_2001/mdf12184.jpg
bhuj_2001_031,image,bldg_f513501ef09e,caption_group,Image belongs to a same-caption group inside one source collection.,031_imdf08843.jpg,GEER_Bhuj_2001,"DHORI: An aerial view of the epicentre of the recent earthquake shows huge cracks in the earth in a salt marsh near Dhori village 20 kilometres from Bhuj in the western Indian state of Gujarat on February 2, 2001. The earthquake, which struck on January 26, killed an estimated 30,000 people. REUTERS/Kamal Kishore",https://geerassociation.org/components/com_geer_reports/geerfiles/Bhuj_2001/imdf08843.jpg
bhuj_2001_032,image,bldg_578079133f13,caption_group,Image belongs to a same-caption group inside one source collection.,032_1275371536.jpg,GEER_Bhuj_2001,"DHORI: An aerial view of the epicentre of the recent earthquake shows a crater in a salt marsh near Dhori village 20 kilometres from Bhuj in Gujarat on February 2, 2001. REUTERS/Kamal Kishore",https://geerassociation.org/components/com_geer_reports/geerfiles/Bhuj_2001/1275371536.jpg
bhuj_2001_033,image,bldg_071c02730000,caption_group,Image belongs to a same-caption group inside one source collection.,033_mdf12699.jpg,GEER_Bhuj_2001,"DHORI: Survivors of India's worst earthquake in 50 years place their hands into one of several cracks in the ground near the epicenter of the quake near Dhori village in the western Indian state of Gujarat on February 4, 2001. The earthquake, which struck on January 26, is thought to have killed at least 30,000 people. (Jayanta Shaw/Reuters)",https://geerassociation.org/components/com_geer_reports/geerfiles/Bhuj_2001/mdf12699.jpg
bhuj_2001_034,image,bldg_a73bfe1c7f34,caption_group,Image belongs to a same-caption group inside one source collection.,034_capt.jpg,GEER_Bhuj_2001,"GANDHIDHAM: A statue of Mahatma Gandhi is seen tilted at an angle in the town of Gandhidham, India Wednesday Jan. 31, 2001 after a massive earthquake on Friday. The earthquake killed many thousands, flattened villages and left hundreds of thousands homeless. (AP Photo/John McConnico)",https://geerassociation.org/components/com_geer_reports/geerfiles/Bhuj_2001/capt.jpg
bhuj_2001_035,image,bldg_d3616c5132b1,caption_group,Image belongs to a same-caption group inside one source collection.,035_mdf10102.jpg,GEER_Bhuj_2001,"HYDERABAD, PAKISTAN: People gather around a collapsed building in Hyderabad, about 100 miles from Pakistan's port city of Karachi, after an earthquake January 26, 2001. Residents across key Pakistani cities felt strong tremors from the powerful earthquake, the epicenter of which was in neighboring India, where at least 374 people died. ( Akram Shahid/Reuters)",https://geerassociation.org/components/com_geer_reports/geerfiles/Bhuj_2001/mdf10102.jpg
bhuj_2001_036,image,bldg_6450eaab7e8f,caption_group,Image belongs to a same-caption group inside one source collection.,036_imdf02035.jpg,GEER_Bhuj_2001,"HYDERABAD, PAKISTAN: People gather near a collapsed building in Hyderabad, about 100 miles from Pakistan's port city of Karachi, after an earthquake January 26, 2001. At least two children were reported dead in Pakistan after residents across key cities felt strong tremors on Friday from the powerful earthquake, the epicentre of which was in neighboring India, where at least 374 people died. REUTERS/Akram Shahid",https://geerassociation.org/components/com_geer_reports/geerfiles/Bhuj_2001/imdf02035.jpg
bhuj_2001_037,image,bldg_99e6330bd2cc,caption_group,Image belongs to a same-caption group inside one source collection.,037_mdf12202.jpg,GEER_Bhuj_2001,"JIKADI: An aerial picture shows the villagers amidst their destroyed homes in Jikadi in the western Indian state of Gujarat on February 2, 2001. One week after the earthquake struck on January 26, killing an estimated 30,000 people, some outlying villages are just now receiving their first aid supplies. (Kamal Kishore/Reuters)",https://geerassociation.org/components/com_geer_reports/geerfiles/Bhuj_2001/mdf12202.jpg
bhuj_2001_038,image,bldg_e484c12d2f1d,caption_group,Image belongs to a same-caption group inside one source collection.,038_1073995795.jpg,GEER_Bhuj_2001,"KADHAN, PAKISTAN: Quake floods Pakistan sugarcane farms, ruins crops - Farmer Mohammad Usman inspects his land in Kadhan village in the Badin district of southern Sindh province, some 250 km from the port city of Karachi, on January 27, 2001. REUTERS/Zahid Hussein",https://geerassociation.org/components/com_geer_reports/geerfiles/Bhuj_2001/1073995795.jpg
bhuj_2001_039,image,bldg_a15b56e62f27,caption_group,Image belongs to a same-caption group inside one source collection.,039_30q8.jpg,GEER_Bhuj_2001,"KANDLA: On the outskirts of this port city, cars slowed down, alerting one to the disaster ahead.",https://geerassociation.org/components/com_geer_reports/geerfiles/Bhuj_2001/30q8.jpg
bhuj_2001_040,image,bldg_1dd72e0083c8,caption_group,Image belongs to a same-caption group inside one source collection.,040_capt14.jpg,GEER_Bhuj_2001,"KANDLA: Kandla, India's largest port, wears a deserted look as containers and cargo await loading onto stranded ships, in western India, Friday Feb. 2, 2001. Five foreign cargo vessels are among six ships berthed at Kandla port with no departure schedules since port authorities are busy with quake relief work. The port, which has lost US$ 2 million in revenue, is vital to India's economy and handles one-third of India's imports. Thousands of people were killed in last Friday's 7.9 magnitude earthquake that rocked western India. (AP Photo/Siddharth Darshan)",https://geerassociation.org/components/com_geer_reports/geerfiles/Bhuj_2001/capt14.jpg
bhuj_2001_041,image,bldg_5c0fc1deefc0,caption_group,Image belongs to a same-caption group inside one source collection.,041_capt6.jpg,GEER_Bhuj_2001,"KARABAU: A survivor walks among the rubble in the village of Karabau, some 50 kilometers (31 miles) east of Bhuj, in western India, Monday Jan. 29, 2001. The village was near in the epicenter of a 7.9-magnitude earthquake that hit the area last Friday. Thousands of people have been killed and many more left homeless by the earthquake. (AP Photo/Enric Marti)",https://geerassociation.org/components/com_geer_reports/geerfiles/Bhuj_2001/capt6.jpg
bhuj_2001_042,image,bldg_1ba54801ed68,caption_group,Image belongs to a same-caption group inside one source collection.,042_capt18.jpg,GEER_Bhuj_2001,"KHANGARPUR: Suresh Bhai, left, puts his hand into a crater created by the Jan. 26, 2001 earthquake near its epicenter in Khangarpur, western India, Tuesday Feb. 13, 2001. Suresh travelled 600 kms (373 miles) from his hometown Bharuch, to have a look at the epicenter area. Thousands of people have perished and millions have been rendered homeless from the earthquake that hit the Kutch region on Jan. 26. (AP Photo/Amit Bhargava)",https://geerassociation.org/components/com_geer_reports/geerfiles/Bhuj_2001/capt18.jpg
bhuj_2001_043,image,bldg_b12f52fca1b4,caption_group,Image belongs to a same-caption group inside one source collection.,043_capt19.jpg,GEER_Bhuj_2001,"KHANGARPUR: Mohan Bhai, center, inserts a stick into a crater that resulted from the massive earthquake of Jan. 26 to measure it's depth near the epicenter in Khangarpur, western India, Tuesday Feb. 13, 2001. Thousands of people have perished and millions rendered homeless in the earthquake that hit the Kutch region on Jan. 26. (AP Photo/Amit Bhargava)",https://geerassociation.org/components/com_geer_reports/geerfiles/Bhuj_2001/capt19.jpg
bhuj_2001_044,image,bldg_a62b07edb0d3,caption_group,Image belongs to a same-caption group inside one source collection.,044_mdf12927.jpg,GEER_Bhuj_2001,"KHAVDA: Houses in the village of Khavda, in the western corner of India, lie destroyed February 5, 2001, after some 30,000 people were killed by the January 26 quake. Indian authorities promised to erect tent cities for hundreds of thousands of homeless people in the area, but many survivors were throwing caution to the wind and returning to their crumbling homes. (Kamal Kishore/Reuters)",https://geerassociation.org/components/com_geer_reports/geerfiles/Bhuj_2001/mdf12927.jpg
bhuj_2001_045,image,bldg_cfeef21fa608,caption_group,Image belongs to a same-caption group inside one source collection.,045_toi45.jpg,GEER_Bhuj_2001,"RAMDEVNAGAR: Even after 48 hrs, rescue teams were yet to reach this building in Ramdevnagar",https://geerassociation.org/components/com_geer_reports/geerfiles/Bhuj_2001/toi45.jpg
bhuj_2001_046,image,bldg_533fdc497b59,caption_group,Image belongs to a same-caption group inside one source collection.,046_capt1.jpg,GEER_Bhuj_2001,"RAPAR: The earthquake-hit village of Rapar, India, 120 kilometers (75 miles) east of Bhuj, is seen in this aerial picture Wednesday, Jan. 31, 2001. Officials say that the death toll in this small village alone could be over 400. The government of the western Gujarat state, where the epicenter of Friday's 7.9-magnitude quake was located, said 12,000 bodies had been recovered and the death toll was likely to reach 25,000. The United Nations estimated there are 200,000 homeless in Gujarat. (AP Photo/Sherwin Crasto)",https://geerassociation.org/components/com_geer_reports/geerfiles/Bhuj_2001/capt1.jpg
bhuj_2001_047,image,bldg_dfccf16ed471,caption_group,Image belongs to a same-caption group inside one source collection.,047_capt10.jpg,GEER_Bhuj_2001,"RAPAR: Young Rupes holds onto his mother Kantaben as father Haribhai Chassi displays his quake-hit house, in Rapar village, 120 kms (75 miles) east of Bhuj, Thursday Feb 1, 2001. Officials say that the death toll in the village alone could be over 400. Thousands of people are believed to have been killed in Friday's 7.9 magnitude earthquake that rocked the western region of India. (AP Photo/Sherwin Crasto)",https://geerassociation.org/components/com_geer_reports/geerfiles/Bhuj_2001/capt10.jpg
bhuj_2001_048,image,bldg_4365b3085333,caption_group,Image belongs to a same-caption group inside one source collection.,048_capt11.jpg,GEER_Bhuj_2001,"RAPAR: Daksaben Pantaki walks cautiously while leaving her house, at quake-hit Rapar village, 120 kilometers (74.4 miles) east of Bhuj, Thursday, Feb. 1, 2001. Officials say that the death toll in the village alone could be over 400 people. Thousands of people are believed to have been killed in Friday's 7.9 magnitude earthquake that rocked the western region of India. (AP Photo/Sherwin Crasto)",https://geerassociation.org/components/com_geer_reports/geerfiles/Bhuj_2001/capt11.jpg
bhuj_2001_049,image,bldg_3589166bf7d4,caption_group,Image belongs to a same-caption group inside one source collection.,049_capt4.jpg,GEER_Bhuj_2001,"RATNAL: Village women scavenge to collect whatever is left intact in Ratnal, India, Tuesday, Jan. 30, 2001. A massive earthquake which hit the region on Friday killed many thousands and left hundreds of thousands homeless. (AP Photo/Saurabh Das)",https://geerassociation.org/components/com_geer_reports/geerfiles/Bhuj_2001/capt4.jpg
bhuj_2001_050,image,bldg_ee474c6ab4ae,caption_group,Image belongs to a same-caption group inside one source collection.,050_30q7.jpg,GEER_Bhuj_2001,"RATLAN: On the way to Bhuj, villages are quite literally debris. Hundreds of residents can be found digging for their possessions.",https://geerassociation.org/components/com_geer_reports/geerfiles/Bhuj_2001/30q7.jpg
bhuj_2001_051,image,bldg_c3e45657cc34,caption_group,Image belongs to a same-caption group inside one source collection.,051_mdf11338.jpg,GEER_Bhuj_2001,"SUKHPAR: People walk past a building destroyed by the earthquake in the small village of Sukhpar, about six miles from the western Indian city of Bhuj, on January 30, 2001. India's defense minister said on that the death toll from the quake could be as high as 100,000, although the Gujarat state government still estimates the toll at between 15,000 and 20,000. (Kamal Kishore/Reuters)",https://geerassociation.org/components/com_geer_reports/geerfiles/Bhuj_2001/mdf11338.jpg
bhuj_2001_052,image,bldg_c69f76013a49,caption_group,Image belongs to a same-caption group inside one source collection.,052_capt20.jpg,GEER_Bhuj_2001,"SUKHPAR: Harji Khetane, right, and Manju Khetane, left, rebuild their earthquake damaged house in Sukhpar, western India, Wednesday Feb. 14, 2001. The state government said it has recovered nearly 18,000 bodies since the Jan. 26 earthquake, although state officials estimate the actual death toll is around 30,000. The worst affected towns are Bhuj, Bhachau and Anjar, where nearly 90 percent of homes and businesses were flattened or badly damaged. More than 1 million have been left homeless. (AP Photo/Amit Bhargava)",https://geerassociation.org/components/com_geer_reports/geerfiles/Bhuj_2001/capt20.jpg
bhuj_2001_053,image,bldg_f892b2e5d08b,caption_group,Image belongs to a same-caption group inside one source collection.,053_30q9.jpg,GEER_Bhuj_2001,VONDH: Newly built checkposts outside the first quake-hit village are early testament of what lies on the way to Bhuj.,https://geerassociation.org/components/com_geer_reports/geerfiles/Bhuj_2001/30q9.jpg
bhuj_2001_slideshare_001,image,bldg_122225214f45,caption_group,Image belongs to a same-caption group inside one source collection.,001_Earthquack-2001-Bhuj-Gujarat-1-2048.webp,SlideShare_Bhuj_2001,SHREE SWAMI ATMANAND SARSWATI INSTITUTE of TECHNOLOGY PREPARED BY: Gaurang Kakadiya,https://image.slidesharecdn.com/finaleq-150316214442-conversion-gate01/75/Earthquack-2001-Bhuj-Gujarat-1-2048.jpg
bhuj_2001_slideshare_002,image,bldg_593600089350,caption_group,Image belongs to a same-caption group inside one source collection.,002_Earthquack-2001-Bhuj-Gujarat-2-2048.webp,SlideShare_Bhuj_2001,2,https://image.slidesharecdn.com/finaleq-150316214442-conversion-gate01/75/Earthquack-2001-Bhuj-Gujarat-2-2048.jpg
bhuj_2001_slideshare_003,image,bldg_a6be9ac911fa,caption_group,Image belongs to a same-caption group inside one source collection.,003_Earthquack-2001-Bhuj-Gujarat-3-2048.webp,SlideShare_Bhuj_2001,"Introduction Time & date : 8:46 am 26 January 2001 Place : Bhuj, Gujarat Magnitude : 7.9 Intensity : X Epicenter : 23.419°N 70.232°E Focal length : 23 kms Season : Winter Damages : •Over 18,600 persons are dead and over 167,000 injured. •The estimated economic loss due to this quake is placed at around Rs.22,000 Crores. 3",https://image.slidesharecdn.com/finaleq-150316214442-conversion-gate01/75/Earthquack-2001-Bhuj-Gujarat-3-2048.jpg
bhuj_2001_slideshare_004,image,bldg_f6784e67334e,caption_group,Image belongs to a same-caption group inside one source collection.,004_Earthquack-2001-Bhuj-Gujarat-4-2048.webp,SlideShare_Bhuj_2001,"• The earthquake was felt in most parts of the country and 20 districts in the state of Gujarat sustained damage. • The entire Kutch region of Gujarat, enclosed on three sides by the Great Runn of Kutch, the Little Runn of Kutch and the Arabian Sea, sustained highest damage with maximum intensity of shaking as high as X on the MSK intensity scale. • Twenty-one of the total 25 districts of the state was affected in this quake. Around 18 towns, 182 talukas and 7904 villages in the affected districts have seen large-scale devastation. • The affected areas even spread up to 300 km from the epicenter. • In the Kutch District, four major urban areas – Bhuj, Anjar, Bachau and Rapar suffered near total destruction. • The rural areas in the region are also very badly affected with over 450 villages almost totally destroyed 4",https://image.slidesharecdn.com/finaleq-150316214442-conversion-gate01/75/Earthquack-2001-Bhuj-Gujarat-4-2048.jpg
bhuj_2001_slideshare_005,image,bldg_056c116c5e63,caption_group,Image belongs to a same-caption group inside one source collection.,005_Earthquack-2001-Bhuj-Gujarat-5-2048.webp,SlideShare_Bhuj_2001,CAUSES OF EARTHQUAKES • Plate Tectonics The Indo-Australian and the Eurasian Plate collide into each other at the rate of around 2 cm per year and India lies on this margin. 5,https://image.slidesharecdn.com/finaleq-150316214442-conversion-gate01/75/Earthquack-2001-Bhuj-Gujarat-5-2048.jpg
bhuj_2001_slideshare_006,image,bldg_ad4c65038721,caption_group,Image belongs to a same-caption group inside one source collection.,006_Earthquack-2001-Bhuj-Gujarat-6-2048.webp,SlideShare_Bhuj_2001,"Seismic Zone Map of India :- 2002 About 65 percent of the land area of India is liable to seismic hazard damage •26% under MSK Intensity VII, •18% under VIII and •12% under IX and higher 6",https://image.slidesharecdn.com/finaleq-150316214442-conversion-gate01/75/Earthquack-2001-Bhuj-Gujarat-6-2048.jpg
bhuj_2001_slideshare_007,image,bldg_2d84a20f9ca7,caption_group,Image belongs to a same-caption group inside one source collection.,007_Earthquack-2001-Bhuj-Gujarat-7-2048.webp,SlideShare_Bhuj_2001,1819 Gujarat [Kutch] (2000 deaths) 2001 Gujarat [Bhuj] (13805 deaths) 7,https://image.slidesharecdn.com/finaleq-150316214442-conversion-gate01/75/Earthquack-2001-Bhuj-Gujarat-7-2048.jpg
bhuj_2001_slideshare_008,image,bldg_85b138dad3e1,caption_group,Image belongs to a same-caption group inside one source collection.,008_Earthquack-2001-Bhuj-Gujarat-8-2048.webp,SlideShare_Bhuj_2001,"Earthquack 2001 Bhuj,Gujarat — slide 8 of 33",https://image.slidesharecdn.com/finaleq-150316214442-conversion-gate01/75/Earthquack-2001-Bhuj-Gujarat-8-2048.jpg
bhuj_2001_slideshare_009,image,bldg_302b9ba33a80,caption_group,Image belongs to a same-caption group inside one source collection.,009_Earthquack-2001-Bhuj-Gujarat-9-2048.webp,SlideShare_Bhuj_2001,Site of destruction of the villages 9,https://image.slidesharecdn.com/finaleq-150316214442-conversion-gate01/75/Earthquack-2001-Bhuj-Gujarat-9-2048.jpg
bhuj_2001_slideshare_010,image,bldg_ba262f822288,caption_group,Image belongs to a same-caption group inside one source collection.,010_Earthquack-2001-Bhuj-Gujarat-10-2048.webp,SlideShare_Bhuj_2001,Reinforced Concrete Buildings Total collapse of a portion of a 10-storey residential building in Ahmedabad.10,https://image.slidesharecdn.com/finaleq-150316214442-conversion-gate01/75/Earthquack-2001-Bhuj-Gujarat-10-2048.jpg
bhuj_2001_slideshare_011,image,bldg_7008da2b59f3,caption_group,Image belongs to a same-caption group inside one source collection.,011_Earthquack-2001-Bhuj-Gujarat-11-2048.webp,SlideShare_Bhuj_2001,11 Collapse of open ground storey RC frame residential building in Bhuj. RC frame buildings can break apart!!,https://image.slidesharecdn.com/finaleq-150316214442-conversion-gate01/75/Earthquack-2001-Bhuj-Gujarat-11-2048.jpg
bhuj_2001_slideshare_012,image,bldg_b039d7e4d911,caption_group,Image belongs to a same-caption group inside one source collection.,012_Earthquack-2001-Bhuj-Gujarat-12-2048.webp,SlideShare_Bhuj_2001,Collapse of intermediate storey in a 6-storey RC frame commercial building at Bhuj. 12 Collapse of one-half of the 14- storey RC frame residential apartment building in Ahmedabad,https://image.slidesharecdn.com/finaleq-150316214442-conversion-gate01/75/Earthquack-2001-Bhuj-Gujarat-12-2048.jpg
bhuj_2001_slideshare_013,image,bldg_92f4491ed296,caption_group,Image belongs to a same-caption group inside one source collection.,013_Earthquack-2001-Bhuj-Gujarat-13-2048.webp,SlideShare_Bhuj_2001,13 Insufficient connection between the RC elevator core and rest of the building Ground storey collapse of a 4-storey building at Bhuj.,https://image.slidesharecdn.com/finaleq-150316214442-conversion-gate01/75/Earthquack-2001-Bhuj-Gujarat-13-2048.jpg
bhuj_2001_slideshare_014,image,bldg_a5edaf64977c,caption_group,Image belongs to a same-caption group inside one source collection.,014_Earthquack-2001-Bhuj-Gujarat-14-2048.webp,SlideShare_Bhuj_2001,Brick Masonry Collapse of the upper storey of a building under construction at Bhachau village. Collapse of the brick masonry railroad station building at Vondh. 14,https://image.slidesharecdn.com/finaleq-150316214442-conversion-gate01/75/Earthquack-2001-Bhuj-Gujarat-14-2048.jpg
bhuj_2001_slideshare_015,image,bldg_3c2dce27b91b,caption_group,Image belongs to a same-caption group inside one source collection.,015_Earthquack-2001-Bhuj-Gujarat-15-2048.webp,SlideShare_Bhuj_2001,Partial collapse of the roof and brick chimney at the Mangalore roof tile factory near Morbi. 15 Close-up view shows the cyclic shear cracks in the upper portion of another precariously balanced brick chimney near Morbi.,https://image.slidesharecdn.com/finaleq-150316214442-conversion-gate01/75/Earthquack-2001-Bhuj-Gujarat-15-2048.jpg
bhuj_2001_slideshare_016,image,bldg_ddd8cafdb5ce,caption_group,Image belongs to a same-caption group inside one source collection.,016_Earthquack-2001-Bhuj-Gujarat-16-2048.webp,SlideShare_Bhuj_2001,Small Block Stone Masonry Collapse of upper story of a commercial building in old Bhuj. Out-of-plane collapse of masonry wall. 16,https://image.slidesharecdn.com/finaleq-150316214442-conversion-gate01/75/Earthquack-2001-Bhuj-Gujarat-16-2048.jpg
bhuj_2001_slideshare_017,image,bldg_7876b97da324,caption_group,Image belongs to a same-caption group inside one source collection.,017_Earthquack-2001-Bhuj-Gujarat-17-2048.webp,SlideShare_Bhuj_2001,Large Block Stone Masonry collapse of staircase and collapse of the corner of two storey large block stone masonry houses without lintel bands in Bhuj. 17,https://image.slidesharecdn.com/finaleq-150316214442-conversion-gate01/75/Earthquack-2001-Bhuj-Gujarat-17-2048.jpg
bhuj_2001_slideshare_018,image,bldg_b20e1609ac5a,caption_group,Image belongs to a same-caption group inside one source collection.,018_Earthquack-2001-Bhuj-Gujarat-18-2048.webp,SlideShare_Bhuj_2001,Total collapse of traditional houses in random rubble stone masonary with mud mortar at Maliya and Samakhyali villages. 18 Random Rubble Masonry,https://image.slidesharecdn.com/finaleq-150316214442-conversion-gate01/75/Earthquack-2001-Bhuj-Gujarat-18-2048.jpg
bhuj_2001_slideshare_019,image,bldg_6c7778e30cfd,caption_group,Image belongs to a same-caption group inside one source collection.,019_Earthquack-2001-Bhuj-Gujarat-19-2048.webp,SlideShare_Bhuj_2001,Damage to the Bhid gate at Bhuj. This gate seems to have been rehabilitated earlier also. 19 Monumental Structures Partial collapse of the walls of the historic fort at Bhuj.,https://image.slidesharecdn.com/finaleq-150316214442-conversion-gate01/75/Earthquack-2001-Bhuj-Gujarat-19-2048.jpg
bhuj_2001_slideshare_020,image,bldg_4d1ee83d17f5,caption_group,Image belongs to a same-caption group inside one source collection.,020_Earthquack-2001-Bhuj-Gujarat-20-2048.webp,SlideShare_Bhuj_2001,Collapse of the temple pagodas made of large block stone masonry at Halvad near Ahmedabad. 20 Partially collapsed pagoda at the palace at Morbi.,https://image.slidesharecdn.com/finaleq-150316214442-conversion-gate01/75/Earthquack-2001-Bhuj-Gujarat-20-2048.jpg
bhuj_2001_slideshare_021,image,bldg_f849eca6a971,caption_group,Image belongs to a same-caption group inside one source collection.,021_Earthquack-2001-Bhuj-Gujarat-21-2048.webp,SlideShare_Bhuj_2001,"Surajbadi sustained severe damage at the bearings at most piers, and has lateral movement of the deck at one of the piers. Close-up view of the damage sustained at the bearings on most piers of the old Surajbadi bridge. 21 Bridge",https://image.slidesharecdn.com/finaleq-150316214442-conversion-gate01/75/Earthquack-2001-Bhuj-Gujarat-21-2048.jpg
bhuj_2001_slideshare_022,image,bldg_13da30ace16b,caption_group,Image belongs to a same-caption group inside one source collection.,022_Earthquack-2001-Bhuj-Gujarat-22-2048.webp,SlideShare_Bhuj_2001,Damage to the unequal- height bed blocks at the RC bridge near Vondh. 22 A number of old masonry arch bridges for Indian railways sustained extensive damage. This bridge is about 88 years old.,https://image.slidesharecdn.com/finaleq-150316214442-conversion-gate01/75/Earthquack-2001-Bhuj-Gujarat-22-2048.jpg
bhuj_2001_slideshare_023,image,bldg_fc623cbdd866,caption_group,Image belongs to a same-caption group inside one source collection.,023_Earthquack-2001-Bhuj-Gujarat-23-2048.webp,SlideShare_Bhuj_2001,Earth Dams Damages on Tappar Dam Lateral spreading at the toe of the Kaswati Dam. 23,https://image.slidesharecdn.com/finaleq-150316214442-conversion-gate01/75/Earthquack-2001-Bhuj-Gujarat-23-2048.jpg
bhuj_2001_slideshare_024,image,bldg_b856270a9612,caption_group,Image belongs to a same-caption group inside one source collection.,024_Earthquack-2001-Bhuj-Gujarat-24-2048.webp,SlideShare_Bhuj_2001,Failure of the upstream slope of the Fatehgadh dam. downstream section of Rudramata. 24 Cracks on the Suvi dam,https://image.slidesharecdn.com/finaleq-150316214442-conversion-gate01/75/Earthquack-2001-Bhuj-Gujarat-24-2048.jpg
bhuj_2001_slideshare_025,image,bldg_158e7ccd6887,caption_group,Image belongs to a same-caption group inside one source collection.,025_Earthquack-2001-Bhuj-Gujarat-25-2048.webp,SlideShare_Bhuj_2001,"Rail,Road and Highway Embankments • Massive slope failure of the rail-road embankment near Navlakhi port resulting in fracture of rails, and damage to prestressed concrete sleepers. • The rails were hanging by about 1.0 to 1.5 meters after the earthquake. 25",https://image.slidesharecdn.com/finaleq-150316214442-conversion-gate01/75/Earthquack-2001-Bhuj-Gujarat-25-2048.jpg
bhuj_2001_slideshare_026,image,bldg_14485fa8e9a2,caption_group,Image belongs to a same-caption group inside one source collection.,026_Earthquack-2001-Bhuj-Gujarat-26-2048.webp,SlideShare_Bhuj_2001,Damage to highway pavement near Rapar due to lateral spreading of soil. Damage to kerb of highway pavement due to lateral spreading of soil. 26,https://image.slidesharecdn.com/finaleq-150316214442-conversion-gate01/75/Earthquack-2001-Bhuj-Gujarat-26-2048.jpg
bhuj_2001_slideshare_027,image,bldg_71237fc720f4,caption_group,Image belongs to a same-caption group inside one source collection.,027_Earthquack-2001-Bhuj-Gujarat-27-2048.webp,SlideShare_Bhuj_2001,"Geotechnical Damages • The earthquake caused excellent examples of large-scale liquefaction and embankment failures. • The Great Runn of Kutch, the Arabian Sea and the Little Runn of Kutch lock the affected area on its three sides. • This enclosed area at near sea level sustained extensive liquefaction. (a phenomenon of quicksand condition by virtue of which the soil looses the capacity to hold structures in place). Liquefaction Effects Extensive liquefaction in the Runn of Kutch; this did not affect the performance of the high-tension transmission lines in the area. 27",https://image.slidesharecdn.com/finaleq-150316214442-conversion-gate01/75/Earthquack-2001-Bhuj-Gujarat-27-2048.jpg
bhuj_2001_slideshare_028,image,bldg_57d30fe430c0,caption_group,Image belongs to a same-caption group inside one source collection.,028_Earthquack-2001-Bhuj-Gujarat-28-2048.webp,SlideShare_Bhuj_2001,Extensive liquefaction near a 3-storey RC frame office building at Kandla port; building sustained only minor cracks in the walls. Extensive liquefaction near India Bridge at Khawda (The Great Runn of Kutch). 28,https://image.slidesharecdn.com/finaleq-150316214442-conversion-gate01/75/Earthquack-2001-Bhuj-Gujarat-28-2048.jpg
bhuj_2001_slideshare_029,image,bldg_312026560e93,caption_group,Image belongs to a same-caption group inside one source collection.,029_Earthquack-2001-Bhuj-Gujarat-29-2048.webp,SlideShare_Bhuj_2001,The area also offered examples of good RC detailing Preventive Measures,https://image.slidesharecdn.com/finaleq-150316214442-conversion-gate01/75/Earthquack-2001-Bhuj-Gujarat-29-2048.jpg
bhuj_2001_slideshare_030,image,bldg_9a938567bb45,caption_group,Image belongs to a same-caption group inside one source collection.,030_Earthquack-2001-Bhuj-Gujarat-30-2048.webp,SlideShare_Bhuj_2001,A structural steel member was placed adjoining the RC damaged column. The old columns together with the adjoining steel member were jacketed with concrete. Retrofitting,https://image.slidesharecdn.com/finaleq-150316214442-conversion-gate01/75/Earthquack-2001-Bhuj-Gujarat-30-2048.jpg
bhuj_2001_slideshare_031,image,bldg_c16d5f5d903e,caption_group,Image belongs to a same-caption group inside one source collection.,031_Earthquack-2001-Bhuj-Gujarat-31-2048.webp,SlideShare_Bhuj_2001,• Retrofitting of weak structures in highly seismic zones. • The new frame to be encased in concrete rested on the finished ground floor and not carried to the foundation. Even the plaster of beams and columns was not removed.,https://image.slidesharecdn.com/finaleq-150316214442-conversion-gate01/75/Earthquack-2001-Bhuj-Gujarat-31-2048.jpg
bhuj_2001_slideshare_032,image,bldg_c206abf48021,caption_group,Image belongs to a same-caption group inside one source collection.,032_Earthquack-2001-Bhuj-Gujarat-32-2048.webp,SlideShare_Bhuj_2001,32 http://www.nicee.org/Bhuj.php References http://en.wikipedia.org/wiki/2001_Gujarat_earthquake http://asc-india.org/lib/20010126-kachchh.htm http://www.geerassociation.org/GEER_Post%20EQ %20Reports/Bhuj_2001/india_photo.html,https://image.slidesharecdn.com/finaleq-150316214442-conversion-gate01/75/Earthquack-2001-Bhuj-Gujarat-32-2048.jpg
bhuj_2001_slideshare_033,image,bldg_b3e42a9d95dd,caption_group,Image belongs to a same-caption group inside one source collection.,033_Earthquack-2001-Bhuj-Gujarat-33-2048.webp,SlideShare_Bhuj_2001,THANK 33 YOU,https://image.slidesharecdn.com/finaleq-150316214442-conversion-gate01/75/Earthquack-2001-Bhuj-Gujarat-33-2048.jpg
