image_id,filename,source_page,original_image_url,caption,source_collection
iitk_rc_001,iitk_rc_001_Skj0_23.jpg,https://www.iitk.ac.in/nicee/EQ_Reports/Bhuj/build_rc1.htm,https://www.iitk.ac.in/nicee/EQ_Reports/Bhuj/Skj0_23.jpg,Total collapse of a portion of a 10-storey residential building in Ahmedabad.,IITK_NICEE_Bhuj_RC
iitk_rc_002,iitk_rc_002_Skj0_26.jpg,https://www.iitk.ac.in/nicee/EQ_Reports/Bhuj/build_rc1.htm,https://www.iitk.ac.in/nicee/EQ_Reports/Bhuj/Skj0_26.jpg,Total collapse of a portion of a 10-storey residential building in Ahmedabad.,IITK_NICEE_Bhuj_RC
iitk_rc_003,iitk_rc_003_D02_10.jpg,https://www.iitk.ac.in/nicee/EQ_Reports/Bhuj/build_rc1.htm,https://www.iitk.ac.in/nicee/EQ_Reports/Bhuj/D02_10.jpg,Pancake collapse of 4-storey L-shaped RC framed school building in Ahmedabad.,IITK_NICEE_Bhuj_RC
iitk_rc_004,iitk_rc_004_D23_06.jpg,https://www.iitk.ac.in/nicee/EQ_Reports/Bhuj/build_rc1.htm,https://www.iitk.ac.in/nicee/EQ_Reports/Bhuj/D23_06.jpg,Collapse of open ground storey RC frame residential building in Bhuj.,IITK_NICEE_Bhuj_RC
iitk_rc_005,iitk_rc_005_D23_05.jpg,https://www.iitk.ac.in/nicee/EQ_Reports/Bhuj/build_rc1.htm,https://www.iitk.ac.in/nicee/EQ_Reports/Bhuj/D23_05.jpg,Numerous cases of dislodging of the weakly connected overhead storage water tanks were observed in the entire earthquake affected area. Picture shows dislodging of water tank appendages from atop unfinished and finished RC frame buildings in Bhuj.,IITK_NICEE_Bhuj_RC
iitk_rc_006,iitk_rc_006_D25_04r.jpg,https://www.iitk.ac.in/nicee/EQ_Reports/Bhuj/build_rc1.htm,https://www.iitk.ac.in/nicee/EQ_Reports/Bhuj/D25_04r.jpg,Collapse of intermediate storey in a 6-storey RC frame commercial building at Bhuj.,IITK_NICEE_Bhuj_RC
iitk_rc_007,iitk_rc_007_D27_01.jpg,https://www.iitk.ac.in/nicee/EQ_Reports/Bhuj/build_rc1.htm,https://www.iitk.ac.in/nicee/EQ_Reports/Bhuj/D27_01.jpg,Ground storey collapse of a 4-storey building with open ground storey at Bhuj.,IITK_NICEE_Bhuj_RC
iitk_rc_008,iitk_rc_008_skj5_02.jpg,https://www.iitk.ac.in/nicee/EQ_Reports/Bhuj/build_rc1.htm,https://www.iitk.ac.in/nicee/EQ_Reports/Bhuj/Skj5_02.jpg,Most RC buildings with open ground storeys that collapsed showed a very common practice of poor detailing; 6mm diameter lateral ties in the columns with 90o hooks and longitudinal spacing as large as 30cm. This did not provide the required confinement to the core concrete.,IITK_NICEE_Bhuj_RC
iitk_rc_009,iitk_rc_009_D43_06.jpg,https://www.iitk.ac.in/nicee/EQ_Reports/Bhuj/build_rc1.htm,https://www.iitk.ac.in/nicee/EQ_Reports/Bhuj/D43_06.jpg,Collapse of a portion of 6-storey residential building at Anjaar; the portion that collapsed had an open ground storey.,IITK_NICEE_Bhuj_RC
iitk_rc_010,iitk_rc_010_D04_06r.jpg,https://www.iitk.ac.in/nicee/EQ_Reports/Bhuj/build_rc1.htm,https://www.iitk.ac.in/nicee/EQ_Reports/Bhuj/D04_06r.jpg,"Collapse of one-half of the 14-storey RC frame residential apartment building in Ahmedabad; the collapsed portion had a swimming pool on the roof, unlike the other half that is standing.",IITK_NICEE_Bhuj_RC
iitk_rc_011,iitk_rc_011_Skj4_21.jpg,https://www.iitk.ac.in/nicee/EQ_Reports/Bhuj/build_rc1.htm,https://www.iitk.ac.in/nicee/EQ_Reports/Bhuj/Skj4_21.jpg,"At Gandhidham, the right building had ground storey collapse. The two buildings shared a common wall.",IITK_NICEE_Bhuj_RC
iitk_rc_012,iitk_rc_012_Skj4_18.jpg,https://www.iitk.ac.in/nicee/EQ_Reports/Bhuj/build_rc1.htm,https://www.iitk.ac.in/nicee/EQ_Reports/Bhuj/Skj4_18.jpg,"At Gandhidham, the right building had ground storey collapse. The two buildings shared a common wall.",IITK_NICEE_Bhuj_RC
iitk_rc_013,iitk_rc_013_Skj4_32.jpg,https://www.iitk.ac.in/nicee/EQ_Reports/Bhuj/build_rc1.htm,https://www.iitk.ac.in/nicee/EQ_Reports/Bhuj/Skj4_32.jpg,Collapse of upper storey of buildings at Gandhidham. It is suspected that this may have been caused by inadequate lap lengths in the column reinforcement.,IITK_NICEE_Bhuj_RC
iitk_rc_014,iitk_rc_014_Skj3_07.jpg,https://www.iitk.ac.in/nicee/EQ_Reports/Bhuj/build_rc1.htm,https://www.iitk.ac.in/nicee/EQ_Reports/Bhuj/Skj3_07.jpg,Collapse of upper storey of buildings at Gandhidham. It is suspected that this may have been caused by inadequate lap lengths in the column reinforcement.,IITK_NICEE_Bhuj_RC
iitk_rc_015,iitk_rc_015_Skc2_31.jpg,https://www.iitk.ac.in/nicee/EQ_Reports/Bhuj/build_rc1.htm,https://www.iitk.ac.in/nicee/EQ_Reports/Bhuj/Skc2_31.jpg,Collapse of ground storey of a two-storey RC frame building in Manfara village.,IITK_NICEE_Bhuj_RC
iitk_rc_016,iitk_rc_016_Skc2_02.jpg,https://www.iitk.ac.in/nicee/EQ_Reports/Bhuj/build_rc1.htm,https://www.iitk.ac.in/nicee/EQ_Reports/Bhuj/Skc2_02.jpg,Collapse of the RC frame shelter at a bus stop near Pundi village.,IITK_NICEE_Bhuj_RC
iitk_rc_017,iitk_rc_017_D07_10.jpg,https://www.iitk.ac.in/nicee/EQ_Reports/Bhuj/build_rc1.htm,https://www.iitk.ac.in/nicee/EQ_Reports/Bhuj/D07_10.jpg,One of the numerous RC frame multistory buildings at Ahmedabad that withstood the earthquake shaking with only minor cracking in the masonry infill walls.,IITK_NICEE_Bhuj_RC
iitk_rc_018,iitk_rc_018_Skj1_21.jpg,https://www.iitk.ac.in/nicee/EQ_Reports/Bhuj/build_rc1.htm,https://www.iitk.ac.in/nicee/EQ_Reports/Bhuj/Skj1_21.jpg,The practice of floating columns in the upper storeys is very common in the cities in India. Close-up view shows shear cracks in the cantilever stub beam supporting a floating column in a 4-storey RC frame residential building in Ahmedabad.,IITK_NICEE_Bhuj_RC
iitk_rc_019,iitk_rc_019_D06_03.jpg,https://www.iitk.ac.in/nicee/EQ_Reports/Bhuj/build_rc1.htm,https://www.iitk.ac.in/nicee/EQ_Reports/Bhuj/D06_03.jpg,The practice of floating columns in the upper storeys is very common in the cities in India. Close-up view shows shear cracks in the cantilever stub beam supporting a floating column in a 4-storey RC frame residential building in Ahmedabad.,IITK_NICEE_Bhuj_RC
iitk_rc_020,iitk_rc_020_Skj4_25.jpg,https://www.iitk.ac.in/nicee/EQ_Reports/Bhuj/build_rc1.htm,https://www.iitk.ac.in/nicee/EQ_Reports/Bhuj/Skj4_25.jpg,These columns left for future extension show inadequate spacing of stirrups.,IITK_NICEE_Bhuj_RC
iitk_rc_021,iitk_rc_021_Skj8_09.jpg,https://www.iitk.ac.in/nicee/EQ_Reports/Bhuj/build_rc1.htm,https://www.iitk.ac.in/nicee/EQ_Reports/Bhuj/Skj8_09.jpg,The area also offered examples of good RC detailing; residential building of Telecom department under construction at Bhuj.,IITK_NICEE_Bhuj_RC
iitk_rc_022,iitk_rc_022_Skj8_08.jpg,https://www.iitk.ac.in/nicee/EQ_Reports/Bhuj/build_rc1.htm,https://www.iitk.ac.in/nicee/EQ_Reports/Bhuj/Skj8_08.jpg,The area also offered examples of good RC detailing; residential building of Telecom department under construction at Bhuj.,IITK_NICEE_Bhuj_RC
iitk_rc_023,iitk_rc_023_skj1_14.jpg,https://www.iitk.ac.in/nicee/EQ_Reports/Bhuj/build_rc1.htm,https://www.iitk.ac.in/nicee/EQ_Reports/Bhuj/skj1_14.jpg,Severe shear cracking sustained by the RC elevator core wall in a four-storey RC frame building in Ahmedabad.,IITK_NICEE_Bhuj_RC
iitk_rc_024,iitk_rc_024_D40_07.jpg,https://www.iitk.ac.in/nicee/EQ_Reports/Bhuj/build_rc1.htm,https://www.iitk.ac.in/nicee/EQ_Reports/Bhuj/D40_07.jpg,Insufficient connection between the RC elevator core and rest of the building lead to the underutilization of the lateral strength and stiffness of the elevator core.,IITK_NICEE_Bhuj_RC
iitk_rc_025,iitk_rc_025_Skj4_34.jpg,https://www.iitk.ac.in/nicee/EQ_Reports/Bhuj/build_rc1.htm,https://www.iitk.ac.in/nicee/EQ_Reports/Bhuj/Skj4_34.jpg,"A school in Gandhidham had both traditional construction as well as RC precast buildings. In the precast building, the roof panels were dislodged atop the precast frame/wall system due to inadequate connections. In contrast, the traditional constructions alongside did better.",IITK_NICEE_Bhuj_RC
iitk_rc_026,iitk_rc_026_Skj4_10.jpg,https://www.iitk.ac.in/nicee/EQ_Reports/Bhuj/build_rc1.htm,https://www.iitk.ac.in/nicee/EQ_Reports/Bhuj/Skj4_10.jpg,"A school in Gandhidham had both traditional construction as well as RC precast buildings. In the precast building, the roof panels were dislodged atop the precast frame/wall system due to inadequate connections. In contrast, the traditional constructions alongside did better.",IITK_NICEE_Bhuj_RC
iitk_rc_027,iitk_rc_027_Skj4_08.jpg,https://www.iitk.ac.in/nicee/EQ_Reports/Bhuj/build_rc1.htm,https://www.iitk.ac.in/nicee/EQ_Reports/Bhuj/Skj4_08.jpg,"A school in Gandhidham had both traditional construction as well as RC precast buildings. In the precast building, the roof panels were dislodged atop the precast frame/wall system due to inadequate connections. In contrast, the traditional constructions alongside did better.",IITK_NICEE_Bhuj_RC
iitk_rc_028,iitk_rc_028_D37_03.jpg,https://www.iitk.ac.in/nicee/EQ_Reports/Bhuj/build_rc1.htm,https://www.iitk.ac.in/nicee/EQ_Reports/Bhuj/D37_03.jpg,Partial collapse of the roof due to failure of ties between prestressed concrete trusses of the warehouse at Kandla port. Close-up view shows the failure of the connection welding between the tie and the truss.,IITK_NICEE_Bhuj_RC
iitk_rc_029,iitk_rc_029_D37_08.jpg,https://www.iitk.ac.in/nicee/EQ_Reports/Bhuj/build_rc1.htm,https://www.iitk.ac.in/nicee/EQ_Reports/Bhuj/D37_08.jpg,Partial collapse of the roof due to failure of ties between prestressed concrete trusses of the warehouse at Kandla port. Close-up view shows the failure of the connection welding between the tie and the truss.,IITK_NICEE_Bhuj_RC
iitk_rc_030,iitk_rc_030_Skj0_34.jpg,https://www.iitk.ac.in/nicee/EQ_Reports/Bhuj/build_rc1.htm,https://www.iitk.ac.in/nicee/EQ_Reports/Bhuj/Skj0_34.jpg,"Buildings with open ground storeys in the affected area were ""propped"" by structural steel sections and wooded posts as an immediate measure by the residents.",IITK_NICEE_Bhuj_RC
iitk_rc_031,iitk_rc_031_Skj0_31.jpg,https://www.iitk.ac.in/nicee/EQ_Reports/Bhuj/build_rc1.htm,https://www.iitk.ac.in/nicee/EQ_Reports/Bhuj/Skj0_31.jpg,"Improper jacketing of columns that was practiced immediately after the earthquake in numerous buildings at Ahmedabad. The new frame to be encased in concrete rested on the finished ground floor and not carried to the foundation. Similarly, it did not connect well with the beams above. Even the plaster of beams and columns was not removed.",IITK_NICEE_Bhuj_RC
iitk_rc_032,iitk_rc_032_Skj1_22.jpg,https://www.iitk.ac.in/nicee/EQ_Reports/Bhuj/build_rc1.htm,https://www.iitk.ac.in/nicee/EQ_Reports/Bhuj/Skj1_22.jpg,"Improper jacketing of columns that was practiced immediately after the earthquake in numerous buildings at Ahmedabad. The new frame to be encased in concrete rested on the finished ground floor and not carried to the foundation. Similarly, it did not connect well with the beams above. Even the plaster of beams and columns was not removed.",IITK_NICEE_Bhuj_RC
iitk_rc_033,iitk_rc_033_Skj1_19.jpg,https://www.iitk.ac.in/nicee/EQ_Reports/Bhuj/build_rc1.htm,https://www.iitk.ac.in/nicee/EQ_Reports/Bhuj/Skj1_19.jpg,"In some instances, a structural steel member was placed adjoining the RC damaged column. The old columns together with the adjoining steel member were jacketed with concrete. In this instance, the steel column was taken below the floor level but not extended till the foundation.",IITK_NICEE_Bhuj_RC
